Baker,Barista,Brewer,Butcher,Farmer,Farrier,Fisherman,Grocer,Miller,Vinter
297,357,353,360,351,340,323,360,450,373,=AVERAGE(A2:J2)
292,327,390,360,350,334,295,320,435,379,=AVERAGE(A3:J3)
320,384,365,326,352,342,375,306,449,340,=AVERAGE(A4:J4)
306,353,370,394,353,339,335,423,426,395,=AVERAGE(A5:J5)
299,350,367,372,352,343,280,362,460,376,=AVERAGE(A6:J6)
310,358,375,346,353,334,381,474,393,373,=AVERAGE(A7:J7)
301,356,278,363,342,343,325,381,416,340,=AVERAGE(A8:J8)
308,354,414,360,358,338,345,370,453,400,=AVERAGE(A9:J9)
304,359,416,360,354,337,336,373,443,375,=AVERAGE(A10:J10)
308,348,367,364,344,341,326,378,481,357,=AVERAGE(A11:J11)
301,349,367,360,355,332,337,372,468,375,=AVERAGE(A12:J12)
305,364,367,363,273,344,336,377,443,362,=AVERAGE(A13:J13)
305,353,369,364,428,343,331,373,446,380,=AVERAGE(A14:J14)
308,351,376,356,351,334,332,353,445,370,=AVERAGE(A15:J15)
304,363,328,362,330,348,339,402,359,298,=AVERAGE(A16:J16)
299,353,407,350,372,327,319,375,425,418,=AVERAGE(A17:J17)
308,351,304,371,354,335,323,375,538,394,=AVERAGE(A18:J18)
306,358,434,346,350,349,355,371,449,377,=AVERAGE(A19:J19)
302,363,372,379,357,344,326,381,446,368,=AVERAGE(A20:J20)
305,347,367,361,352,333,340,368,435,367,=AVERAGE(A21:J21)
303,352,375,345,344,336,325,348,447,373,=AVERAGE(A22:J22)
309,357,366,376,352,344,337,352,442,371,=AVERAGE(A23:J23)
305,353,369,357,348,337,332,396,346,368,=AVERAGE(A24:J24)
301,297,376,332,363,348,300,304,494,384,=AVERAGE(A25:J25)
307,400,362,310,343,330,339,310,497,364,=AVERAGE(A26:J26)
309,368,366,443,351,346,364,426,441,361,=AVERAGE(A27:J27)
299,358,317,356,352,337,327,484,443,380,=AVERAGE(A28:J28)
307,357,316,364,349,318,329,377,441,333,=AVERAGE(A29:J29)
302,355,475,355,354,362,332,380,439,407,=AVERAGE(A30:J30)
303,355,371,366,350,331,340,370,448,377,=AVERAGE(A31:J31)
311,347,311,331,354,341,334,361,435,355,=AVERAGE(A32:J32)
303,349,403,394,349,338,328,388,447,379,=AVERAGE(A33:J33)
301,364,394,358,355,344,337,376,447,374,=AVERAGE(A34:J34)
273,334,374,360,350,337,327,304,441,363,=AVERAGE(A35:J35)
341,379,367,308,285,328,340,323,450,376,=AVERAGE(A36:J36)
305,357,367,362,421,354,330,383,445,376,=AVERAGE(A37:J37)
296,348,371,398,340,332,332,449,428,341,=AVERAGE(A38:J38)
305,357,367,371,355,342,330,404,445,394,=AVERAGE(A39:J39)
309,357,370,368,355,344,340,373,365,349,=AVERAGE(A40:J40)
305,356,371,358,346,333,327,381,468,390,=AVERAGE(A41:J41)
301,353,370,358,355,344,337,376,476,371,=AVERAGE(A42:J42)
303,349,371,364,347,338,328,378,356,329,=AVERAGE(A43:J43)
311,358,367,361,356,341,334,371,459,402,=AVERAGE(A44:J44)
305,365,266,368,354,335,340,374,411,324,=AVERAGE(A45:J45)
300,345,407,338,350,343,332,376,508,435,=AVERAGE(A46:J46)
307,347,431,368,342,333,329,371,505,364,=AVERAGE(A47:J47)
299,368,375,367,359,337,327,378,443,380,=AVERAGE(A48:J48)
309,355,366,361,351,346,336,372,407,361,=AVERAGE(A49:J49)
310,364,374,367,354,337,341,384,448,371,=AVERAGE(A50:J50)
298,346,357,357,352,341,326,343,389,377,=AVERAGE(A51:J51)
305,353,341,357,348,287,332,406,362,368,=AVERAGE(A52:J52)
309,312,401,367,352,382,337,320,491,244,=AVERAGE(A53:J53)
303,397,375,354,344,348,325,423,442,404,=AVERAGE(A54:J54)
307,357,370,363,356,337,340,355,522,448,=AVERAGE(A55:J55)
300,317,369,364,353,340,326,355,487,376,=AVERAGE(A56:J56)
306,364,371,359,350,341,339,410,445,384,=AVERAGE(A57:J57)
308,381,367,363,354,343,339,375,332,376,=AVERAGE(A58:J58)
299,353,369,358,350,284,319,375,428,358,=AVERAGE(A59:J59)
292,359,369,325,356,395,339,384,375,263,=AVERAGE(A60:J60)
320,355,373,393,347,321,328,371,417,455,=AVERAGE(A61:J61)
305,353,369,364,349,346,335,373,450,398,=AVERAGE(A62:J62)
305,301,367,309,296,345,324,377,579,372,=AVERAGE(A63:J63)
301,412,367,404,411,337,349,372,475,375,=AVERAGE(A64:J64)
310,358,370,368,348,345,326,382,485,363,=AVERAGE(A65:J65)
302,349,370,366,332,333,336,369,446,369,=AVERAGE(A66:J66)
308,354,349,274,376,336,334,370,435,378,=AVERAGE(A67:J67)
301,324,378,364,342,345,336,381,457,362,=AVERAGE(A68:J68)
303,385,383,409,353,334,325,369,435,373,=AVERAGE(A69:J69)
308,365,362,396,341,309,316,377,412,382,=AVERAGE(A70:J70)
304,343,375,360,364,373,355,326,420,363,=AVERAGE(A71:J71)
305,346,327,358,323,342,330,362,501,366,=AVERAGE(A72:J72)
307,365,365,360,379,334,340,435,425,379,=AVERAGE(A73:J73)
297,321,416,360,351,340,323,376,429,373,=AVERAGE(A74:J74)
313,401,371,369,357,343,340,378,440,365,=AVERAGE(A75:J75)
299,344,368,353,230,255,332,344,415,375,=AVERAGE(A76:J76)
309,357,369,363,348,422,330,405,510,289,=AVERAGE(A77:J77)
302,354,367,364,456,337,329,376,436,446,=AVERAGE(A78:J78)
308,356,367,358,367,342,340,368,416,375,=AVERAGE(A79:J79)
300,358,375,360,352,340,334,375,433,375,=AVERAGE(A80:J80)
278,352,299,359,348,336,324,353,402,365,=AVERAGE(A81:J81)
330,354,298,365,338,338,311,317,528,379,=AVERAGE(A82:J82)
308,356,374,357,364,341,358,434,387,361,=AVERAGE(A83:J83)
301,354,446,366,351,343,337,403,466,367,=AVERAGE(A84:J84)
305,360,411,357,357,337,327,367,467,384,=AVERAGE(A85:J85)
308,349,387,357,349,340,337,369,426,362,=AVERAGE(A86:J86)
307,354,368,361,352,331,329,379,429,378,=AVERAGE(A87:J87)
300,363,369,361,302,341,339,377,435,369,=AVERAGE(A88:J88)
309,347,366,367,396,343,331,372,465,361,=AVERAGE(A89:J89)
303,359,348,361,352,337,332,377,380,377,=AVERAGE(A90:J90)
304,351,398,360,295,339,336,378,390,377,=AVERAGE(A91:J91)
302,356,366,363,408,340,337,373,485,351,=AVERAGE(A92:J92)
306,355,369,341,354,337,327,372,529,345,=AVERAGE(A93:J93)
307,354,372,377,349,341,339,378,456,388,=AVERAGE(A94:J94)
303,362,368,361,353,341,324,368,443,392,=AVERAGE(A95:J95)
302,354,370,362,354,340,339,378,450,374,=AVERAGE(A96:J96)
311,355,376,362,354,341,335,332,443,372,=AVERAGE(A97:J97)
304,356,362,366,347,344,335,273,443,371,=AVERAGE(A98:J98)
309,252,376,366,359,293,237,335,449,310,=AVERAGE(A99:J99)
300,356,315,359,356,398,438,289,422,314,=AVERAGE(A100:J100)
295,419,406,334,323,307,303,416,439,454,=AVERAGE(A101:J101)
309,380,376,353,336,340,334,444,449,395,=AVERAGE(A102:J102)
304,356,362,379,370,344,335,354,443,371,=AVERAGE(A103:J103)
311,355,376,362,354,341,335,466,443,372,=AVERAGE(A104:J104)
304,364,373,361,356,344,339,436,438,380,=AVERAGE(A105:J105)
301,352,339,362,351,337,324,396,455,313,=AVERAGE(A106:J106)
307,354,398,365,349,335,339,378,435,368,=AVERAGE(A107:J107)
270,355,369,353,353,343,327,372,437,322,=AVERAGE(A108:J108)
338,356,366,363,353,340,337,373,436,412,=AVERAGE(A109:J109)
306,361,360,296,355,343,336,373,468,345,=AVERAGE(A110:J110)
301,349,386,405,348,277,305,382,362,348,=AVERAGE(A111:J111)
309,347,366,387,350,399,358,372,519,471,=AVERAGE(A112:J112)
300,350,369,361,348,341,339,356,441,375,=AVERAGE(A113:J113)
307,367,368,361,352,331,329,397,449,378,=AVERAGE(A114:J114)
310,359,373,359,353,344,337,376,450,368,=AVERAGE(A115:J115)
303,324,308,355,353,333,327,363,433,316,=AVERAGE(A116:J116)
301,380,413,311,351,343,337,382,353,348,=AVERAGE(A117:J117)
308,356,381,395,346,341,327,337,401,417,=AVERAGE(A118:J118)
302,354,373,382,356,338,342,408,465,402,=AVERAGE(A119:J119)
308,362,370,361,352,340,324,337,505,373,=AVERAGE(A120:J120)
298,348,372,358,348,336,334,409,488,369,=AVERAGE(A121:J121)
308,356,367,358,352,342,340,377,343,375,=AVERAGE(A122:J122)
302,354,367,364,354,337,329,376,438,363,=AVERAGE(A123:J123)
309,267,369,363,353,314,330,344,470,372,=AVERAGE(A124:J124)
302,426,378,269,353,276,324,411,353,382,=AVERAGE(A125:J125)
310,373,361,404,346,398,348,372,468,358,=AVERAGE(A126:J126)
297,279,321,409,267,372,323,361,514,373,=AVERAGE(A127:J127)
307,388,422,360,434,334,340,359,521,379,=AVERAGE(A128:J128)
305,397,365,358,352,342,330,410,447,366,=AVERAGE(A129:J129)
306,357,370,360,338,339,335,373,446,369,=AVERAGE(A130:J130)
306,355,335,371,367,343,336,335,440,376,=AVERAGE(A131:J131)
303,353,310,349,353,330,325,407,435,292,=AVERAGE(A132:J132)
301,356,461,325,323,347,321,381,450,438,=AVERAGE(A133:J133)
308,354,371,398,377,338,349,370,442,383,=AVERAGE(A134:J134)
304,359,373,368,354,337,336,373,444,375,=AVERAGE(A135:J135)
308,348,367,356,344,341,326,378,436,357,=AVERAGE(A136:J136)
301,193,367,296,355,331,247,372,447,304,=AVERAGE(A137:J137)
279,363,367,392,352,351,426,377,350,318,=AVERAGE(A138:J138)
331,415,369,347,349,336,315,373,443,470,=AVERAGE(A139:J139)
308,421,299,408,351,335,348,361,536,392,=AVERAGE(A140:J140)
304,345,443,362,352,348,339,394,448,379,=AVERAGE(A141:J141)
299,396,369,358,350,327,319,375,437,358,=AVERAGE(A142:J142)
308,354,367,363,354,343,339,375,359,376,=AVERAGE(A143:J143)
296,355,307,359,276,289,339,359,475,377,=AVERAGE(A144:J144)
312,363,383,366,431,396,326,393,475,368,=AVERAGE(A145:J145)
305,347,420,361,352,333,340,368,449,369,=AVERAGE(A146:J146)
303,329,375,354,344,318,325,372,461,333,=AVERAGE(A147:J147)
309,380,366,320,352,362,337,368,442,355,=AVERAGE(A148:J148)
305,324,369,404,348,281,332,364,429,422,=AVERAGE(A149:J149)
301,375,376,361,305,313,336,394,460,384,=AVERAGE(A150:J150)
307,364,362,363,401,421,331,378,435,364,=AVERAGE(A151:J151)
309,262,366,361,351,288,336,232,454,361,=AVERAGE(A152:J152)
299,403,375,356,352,395,327,450,443,380,=AVERAGE(A153:J153)
307,405,360,364,301,333,329,412,441,364,=AVERAGE(A154:J154)
302,355,382,355,402,347,332,407,435,376,=AVERAGE(A155:J155)
303,355,362,366,350,331,340,370,407,334,=AVERAGE(A156:J156)
311,347,324,361,354,341,334,371,431,360,=AVERAGE(A157:J157)
303,360,414,356,349,338,328,378,456,385,=AVERAGE(A158:J158)
301,333,370,366,355,344,337,376,441,406,=AVERAGE(A159:J159)
307,379,374,341,350,337,327,377,444,368,=AVERAGE(A160:J160)
307,346,367,356,341,340,340,377,478,371,=AVERAGE(A161:J161)
305,365,367,374,365,342,330,375,436,376,=AVERAGE(A162:J162)
296,348,371,359,340,332,332,359,452,359,=AVERAGE(A163:J163)
305,357,364,369,355,342,266,335,445,376,=AVERAGE(A164:J164)
256,317,373,326,355,344,404,372,382,377,=AVERAGE(A165:J165)
358,396,371,366,346,333,321,355,461,362,=AVERAGE(A166:J166)
301,353,370,392,355,344,343,434,474,371,=AVERAGE(A167:J167)
303,360,371,364,349,338,328,387,429,364,=AVERAGE(A168:J168)
311,347,356,361,354,341,334,345,427,373,=AVERAGE(A169:J169)
305,365,376,368,354,335,340,400,451,383,=AVERAGE(A170:J170)
300,345,327,353,350,284,332,376,375,370,=AVERAGE(A171:J171)
307,357,412,364,349,385,329,376,464,364,=AVERAGE(A172:J172)
299,358,375,341,352,344,327,373,528,335,=AVERAGE(A173:J173)
309,355,321,316,304,346,321,372,441,406,=AVERAGE(A174:J174)
310,364,419,378,401,337,358,334,444,371,=AVERAGE(A175:J175)
298,346,364,406,352,341,324,397,452,377,=AVERAGE(A176:J176)
305,353,315,357,348,337,322,402,441,313,=AVERAGE(A177:J177)
309,357,389,367,352,344,347,350,442,384,=AVERAGE(A178:J178)
303,352,406,354,344,336,325,393,447,379,=AVERAGE(A179:J179)
307,357,369,357,356,335,340,372,438,409,=AVERAGE(A180:J180)
300,349,370,370,353,342,326,377,443,362,=AVERAGE(A181:J181)
306,359,371,354,316,341,339,371,436,377,=AVERAGE(A182:J182)
308,354,367,361,388,312,339,325,441,341,=AVERAGE(A183:J183)
299,342,369,365,350,358,319,404,451,393,=AVERAGE(A184:J184)
306,370,369,364,356,338,286,405,446,382,=AVERAGE(A185:J185)
306,355,373,291,272,344,288,371,442,247,=AVERAGE(A186:J186)
305,353,346,427,323,333,401,373,446,339,=AVERAGE(A187:J187)
305,354,360,363,453,349,293,356,265,454,=AVERAGE(A188:J188)
301,359,341,360,355,302,407,393,495,282,=AVERAGE(A189:J189)
310,358,426,358,348,380,326,382,525,359,=AVERAGE(A190:J190)
302,349,370,366,350,333,336,369,427,454,=AVERAGE(A191:J191)
308,354,371,353,358,338,334,370,477,366,=AVERAGE(A192:J192)
301,324,364,370,342,343,336,381,415,418,=AVERAGE(A193:J193)
303,385,370,346,353,334,325,369,475,407,=AVERAGE(A194:J194)
308,363,375,374,356,347,336,377,446,382,=AVERAGE(A195:J195)
304,345,367,360,349,335,335,369,441,363,=AVERAGE(A196:J196)
305,362,307,291,325,342,330,309,464,366,=AVERAGE(A197:J197)
307,349,423,346,377,334,340,369,437,379,=AVERAGE(A198:J198)
268,308,333,441,351,340,323,305,444,373,=AVERAGE(A199:J199)
342,403,418,369,357,343,320,401,440,365,=AVERAGE(A200:J200)
299,355,366,326,342,333,352,448,457,375,=AVERAGE(A201:J201)
309,357,369,390,353,344,330,341,343,372,=AVERAGE(A202:J202)
302,297,367,318,354,305,305,460,484,363,=AVERAGE(A203:J203)
308,393,367,333,352,374,357,368,502,375,=AVERAGE(A204:J204)
300,378,375,431,352,260,302,262,439,364,=AVERAGE(A205:J205)
306,302,267,327,318,406,363,403,446,376,=AVERAGE(A206:J206)
302,404,441,397,386,348,342,430,442,379,=AVERAGE(A207:J207)
308,356,398,357,346,341,327,400,384,361,=AVERAGE(A208:J208)
301,354,367,366,351,343,337,387,484,367,=AVERAGE(A209:J209)
271,360,372,308,357,337,312,305,453,371,=AVERAGE(A210:J210)
342,349,370,356,349,340,352,383,447,363,=AVERAGE(A211:J211)
307,354,368,391,312,331,329,391,449,355,=AVERAGE(A212:J212)
300,363,369,381,388,318,339,370,441,402,=AVERAGE(A213:J213)
309,347,330,333,295,366,331,415,431,363,=AVERAGE(A214:J214)
303,359,390,365,407,337,332,377,453,358,=AVERAGE(A215:J215)
304,351,392,390,351,339,336,378,375,396,=AVERAGE(A216:J216)
302,356,352,363,352,340,308,329,397,363,=AVERAGE(A217:J217)
306,305,383,353,354,343,356,416,444,375,=AVERAGE(A218:J218)
307,387,372,365,349,335,339,378,443,367,=AVERAGE(A219:J219)
303,379,368,356,270,341,324,368,427,371,=AVERAGE(A220:J220)
302,354,285,367,332,340,339,378,472,305,=AVERAGE(A221:J221)
311,355,395,362,335,341,335,315,449,417,=AVERAGE(A222:J222)
304,356,428,366,433,307,275,279,501,299,=AVERAGE(A223:J223)
309,357,376,366,356,377,394,402,456,417,=AVERAGE(A224:J224)
312,364,390,322,397,351,341,326,481,322,=AVERAGE(A225:J225)
283,329,331,371,323,307,303,419,417,441,=AVERAGE(A226:J226)
309,357,376,366,359,340,334,472,348,389,=AVERAGE(A227:J227)
304,355,362,366,347,344,335,342,439,371,=AVERAGE(A228:J228)
311,356,376,362,341,321,335,423,496,372,=AVERAGE(A229:J229)
304,364,373,361,371,364,339,399,437,328,=AVERAGE(A230:J230)
301,352,340,357,349,305,324,364,508,417,=AVERAGE(A231:J231)
307,354,397,370,349,365,339,378,435,367,=AVERAGE(A232:J232)
306,355,369,353,354,341,327,372,444,375,=AVERAGE(A233:J233)
302,356,366,363,352,344,337,373,452,363,=AVERAGE(A234:J234)
306,349,372,362,354,320,336,324,445,383,=AVERAGE(A235:J235)
276,361,349,359,349,356,332,380,450,335,=AVERAGE(A236:J236)
334,347,385,345,347,343,331,423,431,397,=AVERAGE(A237:J237)
300,363,375,383,351,341,339,377,441,369,=AVERAGE(A238:J238)
307,327,368,361,296,331,329,379,449,378,=AVERAGE(A239:J239)
310,386,196,318,242,280,337,326,450,368,=AVERAGE(A240:J240)
303,207,337,396,286,382,307,227,433,378,=AVERAGE(A241:J241)
301,360,372,366,349,358,357,477,442,367,=AVERAGE(A242:J242)
308,489,425,357,439,341,327,424,443,361,=AVERAGE(A243:J243)
302,358,474,365,434,338,342,394,442,379,=AVERAGE(A244:J244)
308,362,408,361,417,340,324,399,444,371,=AVERAGE(A245:J245)
298,348,378,358,282,336,334,275,441,332,=AVERAGE(A246:J246)
308,289,367,358,418,342,318,464,452,412,=AVERAGE(A247:J247)
302,411,367,364,354,337,351,376,415,363,=AVERAGE(A248:J248)
309,367,369,363,353,344,330,380,462,372,=AVERAGE(A249:J249)
292,355,379,357,354,340,324,365,453,382,=AVERAGE(A250:J250)
320,354,360,365,345,336,348,382,438,338,=AVERAGE(A251:J251)
297,338,367,360,351,340,323,376,450,393,=AVERAGE(A252:J252)
307,368,376,360,350,334,340,375,437,362,=AVERAGE(A253:J253)
305,263,365,272,352,342,330,305,393,383,=AVERAGE(A254:J254)
240,347,370,286,316,339,335,447,500,285,=AVERAGE(A255:J255)
362,399,367,392,385,343,336,373,393,398,=AVERAGE(A256:J256)
313,402,375,398,357,334,325,369,482,433,=AVERAGE(A257:J257)
301,365,364,453,342,343,336,381,457,306,=AVERAGE(A258:J258)
308,357,371,360,358,338,323,370,406,395,=AVERAGE(A259:J259)
304,359,373,368,354,337,347,373,470,416,=AVERAGE(A260:J260)
308,348,367,356,344,341,326,378,445,357,=AVERAGE(A261:J261)
301,343,356,360,355,337,337,372,390,375,=AVERAGE(A262:J262)
305,370,378,363,352,345,336,377,446,372,=AVERAGE(A263:J263)
305,353,369,350,349,337,331,373,449,370,=AVERAGE(A264:J264)
308,365,376,361,351,334,332,375,480,370,=AVERAGE(A265:J265)
304,216,348,371,352,289,240,315,453,376,=AVERAGE(A266:J266)
299,386,387,342,350,386,326,438,416,358,=AVERAGE(A267:J267)
308,370,367,379,354,343,431,377,438,376,=AVERAGE(A268:J268)
306,439,371,359,350,341,339,371,474,377,=AVERAGE(A269:J269)
302,333,372,366,315,344,285,381,446,368,=AVERAGE(A270:J270)
305,298,335,361,394,333,306,368,435,300,=AVERAGE(A271:J271)
303,431,360,354,344,336,400,346,388,419,=AVERAGE(A272:J272)
309,357,413,367,318,344,337,397,497,299,=AVERAGE(A273:J273)
305,353,369,357,382,337,332,377,445,369,=AVERAGE(A274:J274)
301,363,377,361,360,348,336,358,446,338,=AVERAGE(A275:J275)
307,347,361,363,346,330,331,398,437,429,=AVERAGE(A276:J276)
309,344,366,361,351,346,336,372,427,434,=AVERAGE(A277:J277)
225,369,375,356,352,337,289,269,424,380,=AVERAGE(A278:J278)
381,357,360,364,349,333,361,455,487,364,=AVERAGE(A279:J279)
302,355,382,355,354,347,338,387,441,376,=AVERAGE(A280:J280)
303,355,362,339,350,321,340,388,446,366,=AVERAGE(A281:J281)
311,347,367,388,354,351,334,358,435,366,=AVERAGE(A282:J282)
268,360,361,364,349,325,328,391,447,382,=AVERAGE(A283:J283)
336,353,244,222,288,357,337,334,447,335,=AVERAGE(A284:J284)
307,359,421,415,360,337,327,419,441,404,=AVERAGE(A285:J285)
307,354,439,447,408,340,340,377,450,365,=AVERAGE(A286:J286)
305,357,384,369,355,319,330,375,445,370,=AVERAGE(A287:J287)
296,348,306,335,340,355,332,359,428,338,=AVERAGE(A288:J288)
305,357,426,357,355,342,330,375,435,374,=AVERAGE(A289:J289)
309,364,376,380,355,344,340,381,463,412,=AVERAGE(A290:J290)
305,349,371,358,346,333,310,373,438,362,=AVERAGE(A291:J291)
301,347,370,358,355,344,354,356,447,361,=AVERAGE(A292:J292)
282,366,371,323,349,217,281,253,447,392,=AVERAGE(A293:J293)
332,347,367,386,354,400,306,380,435,355,=AVERAGE(A294:J294)
305,365,306,384,354,397,415,379,449,361,=AVERAGE(A295:J295)
300,345,365,353,350,328,332,432,397,392,=AVERAGE(A296:J296)
307,357,433,364,349,348,329,437,467,362,=AVERAGE(A297:J297)
299,358,375,356,352,337,327,387,458,382,=AVERAGE(A298:J298)
309,355,366,352,351,346,336,372,441,339,=AVERAGE(A299:J299)
310,364,375,376,355,337,340,377,444,393,=AVERAGE(A300:J300)
298,346,363,357,351,341,327,379,434,376,=AVERAGE(A301:J301)
305,353,369,342,270,337,332,323,446,369,=AVERAGE(A302:J302)
309,357,366,376,380,344,337,359,444,371,=AVERAGE(A303:J303)
303,273,375,351,302,336,325,281,458,371,=AVERAGE(A304:J304)
307,399,370,372,289,308,296,309,438,375,=AVERAGE(A305:J305)
300,390,351,329,412,369,305,400,443,325,=AVERAGE(A306:J306)
280,355,389,394,425,341,404,429,426,414,=AVERAGE(A307:J307)
334,354,367,363,379,343,339,371,465,376,=AVERAGE(A308:J308)
299,353,369,358,350,327,319,457,437,358,=AVERAGE(A309:J309)
306,359,369,364,356,344,339,414,369,382,=AVERAGE(A310:J310)
306,355,373,354,347,338,332,402,455,364,=AVERAGE(A311:J311)
305,353,369,364,333,337,331,373,486,370,=AVERAGE(A312:J312)
305,354,367,363,368,345,336,377,467,323,=AVERAGE(A313:J313)
301,359,367,326,355,337,306,354,441,424,=AVERAGE(A314:J314)
310,312,370,392,348,345,357,339,444,363,=AVERAGE(A315:J315)
302,364,283,366,350,333,336,305,442,330,=AVERAGE(A316:J316)
308,385,450,360,358,338,334,387,435,384,=AVERAGE(A317:J317)
301,356,290,363,342,343,336,297,457,314,=AVERAGE(A318:J318)
289,353,353,346,353,334,325,433,380,328,=AVERAGE(A319:J319)
228,365,457,231,271,347,320,338,487,401,=AVERAGE(A320:J320)
398,338,325,389,360,335,351,446,454,451,=AVERAGE(A321:J321)
305,367,424,465,425,342,330,409,390,385,=AVERAGE(A322:J322)
307,349,376,362,351,334,340,435,494,336,=AVERAGE(A323:J323)
297,357,367,365,351,340,323,376,450,416,=AVERAGE(A324:J324)
313,365,374,369,336,343,332,359,434,330,=AVERAGE(A325:J325)
299,344,354,353,363,333,340,388,457,410,=AVERAGE(A326:J326)
309,357,344,350,353,344,330,380,441,372,=AVERAGE(A327:J327)
302,348,403,345,354,337,329,366,436,363,=AVERAGE(A328:J328)
308,362,367,390,352,342,340,378,452,375,=AVERAGE(A329:J329)
300,358,375,351,352,340,334,329,439,375,=AVERAGE(A330:J330)
306,352,367,368,348,336,324,423,390,365,=AVERAGE(A331:J331)
302,354,326,365,356,338,342,351,422,379,=AVERAGE(A332:J332)
308,356,399,357,346,341,327,382,348,361,=AVERAGE(A333:J333)
301,313,303,305,330,343,337,397,436,367,=AVERAGE(A334:J334)
305,401,419,388,378,337,327,367,442,341,=AVERAGE(A335:J335)
308,349,360,387,349,340,335,369,475,405,=AVERAGE(A336:J336)
307,348,409,361,352,331,331,322,512,378,=AVERAGE(A337:J337)
300,369,342,361,348,313,339,394,444,369,=AVERAGE(A338:J338)
309,337,393,367,350,371,331,389,508,361,=AVERAGE(A339:J339)
303,335,332,361,352,337,332,400,453,318,=AVERAGE(A340:J340)
304,385,345,360,335,339,336,378,442,322,=AVERAGE(A341:J341)
267,337,424,363,368,340,305,321,449,471,=AVERAGE(A342:J342)
341,374,380,353,354,343,359,410,444,381,=AVERAGE(A343:J343)
307,354,372,365,349,335,339,392,438,367,=AVERAGE(A344:J344)
303,362,368,364,352,341,324,328,443,371,=AVERAGE(A345:J345)
302,354,370,359,355,340,339,359,450,374,=AVERAGE(A346:J346)
311,348,376,362,354,341,335,393,366,372,=AVERAGE(A347:J347)
271,363,362,219,347,344,335,428,349,290,=AVERAGE(A348:J348)
342,357,376,373,359,340,334,368,411,346,=AVERAGE(A349:J349)
312,364,392,377,357,351,340,384,478,413,=AVERAGE(A350:J350)
283,329,329,434,322,307,304,339,477,419,=AVERAGE(A351:J351)
252,254,248,192,150,288,241,157,320,276,=AVERAGE(A352:J352)
294,281,200,291,164,140,117,213,198,195,=AVERAGE(A353:J353)
114,127,338,206,262,241,256,344,167,156,=AVERAGE(A354:J354)
144,212,249,138,196,187,77,206,285,219,=AVERAGE(A355:J355)
273,128,266,91,252,126,325,176,329,134,=AVERAGE(A356:J356)
119,155,365,296,302,95,219,303,267,96,=AVERAGE(A357:J357)
246,286,269,111,219,216,250,192,377,161,=AVERAGE(A358:J358)
278,239,152,292,155,272,251,290,273,262,=AVERAGE(A359:J359)
188,220,288,220,175,123,270,302,318,138,=AVERAGE(A360:J360)
255,265,252,87,97,268,235,283,185,296,=AVERAGE(A361:J361)
71,276,250,314,110,199,229,217,319,349,=AVERAGE(A362:J362)
97,192,92,267,268,119,253,137,297,134,=AVERAGE(A363:J363)
290,228,266,173,297,245,143,233,204,116,=AVERAGE(A364:J364)
301,88,151,231,286,165,165,130,150,179,=AVERAGE(A365:J365)
183,214,316,329,223,288,132,100,212,171,=AVERAGE(A366:J366)
218,290,128,215,152,207,171,261,292,180,=AVERAGE(A367:J367)
79,305,113,302,336,281,297,275,210,253,=AVERAGE(A368:J368)
278,205,111,307,321,132,83,181,292,231,=AVERAGE(A369:J369)
84,155,127,251,168,291,280,225,134,185,=AVERAGE(A370:J370)
97,266,244,201,318,107,278,295,363,101,=AVERAGE(A371:J371)
281,278,319,90,225,164,244,341,383,287,=AVERAGE(A372:J372)
121,254,314,104,280,112,174,310,388,319,=AVERAGE(A373:J373)
179,238,179,316,116,287,165,276,379,202,=AVERAGE(A374:J374)
234,127,213,109,263,266,220,151,349,194,=AVERAGE(A375:J375)
83,285,137,208,216,260,281,297,339,324,=AVERAGE(A376:J376)
299,220,131,302,151,116,271,292,219,327,=AVERAGE(A377:J377)
80,208,174,196,248,269,266,273,190,312,=AVERAGE(A378:J378)
128,116,247,294,145,125,250,190,197,134,=AVERAGE(A379:J379)
226,290,180,116,322,303,185,276,317,237,=AVERAGE(A380:J380)
350,272,166,141,175,263,290,160,460,320,=AVERAGE(A381:J381)
244,287,166,303,328,236,89,369,449,348,=AVERAGE(A382:J382)
306,111,255,102,342,292,270,197,315,363,=AVERAGE(A383:J383)
211,204,287,139,197,247,168,120,157,281,=AVERAGE(A384:J384)
191,108,205,236,199,159,284,276,342,195,=AVERAGE(A385:J385)
104,213,221,209,194,275,177,293,168,345,=AVERAGE(A386:J386)
182,135,250,193,265,305,158,212,222,172,=AVERAGE(A387:J387)
77,260,349,220,294,275,244,254,318,314,=AVERAGE(A388:J388)
229,383,291,179,236,89,333,247,375,133,=AVERAGE(A389:J389)
246,286,334,342,199,109,177,123,379,100,=AVERAGE(A390:J390)
255,348,249,151,156,113,312,99,265,237,=AVERAGE(A391:J391)
127,96,305,331,158,196,227,139,355,329,=AVERAGE(A392:J392)
185,206,248,312,348,104,146,162,420,242,=AVERAGE(A393:J393)
129,175,251,314,167,259,195,283,284,260,=AVERAGE(A394:J394)
85,242,292,132,233,224,198,224,408,280,=AVERAGE(A395:J395)
81,117,372,189,196,113,304,324,310,339,=AVERAGE(A396:J396)
131,216,187,302,210,135,232,327,311,213,=AVERAGE(A397:J397)
197,247,137,121,197,201,246,206,147,294,=AVERAGE(A398:J398)
327,273,169,182,280,172,124,187,224,210,=AVERAGE(A399:J399)
133,151,116,300,246,148,285,247,362,286,=AVERAGE(A400:J400)
236,229,268,135,138,100,317,163,160,197,=AVERAGE(A401:J401)
187,196,177,205,131,161,88,191,195,101,=AVERAGE(A402:J402)
204,93,209,283,140,98,117,96,308,189,=AVERAGE(A403:J403)
133,131,140,160,109,257,259,245,127,184,=AVERAGE(A404:J404)
270,316,310,279,188,234,327,189,216,272,=AVERAGE(A405:J405)
280,227,237,229,320,314,166,280,318,229,=AVERAGE(A406:J406)
259,285,180,197,99,194,133,321,252,246,=AVERAGE(A407:J407)
93,279,178,232,219,149,238,229,249,289,=AVERAGE(A408:J408)
157,264,104,210,271,149,283,232,303,287,=AVERAGE(A409:J409)
225,330,285,272,152,294,175,101,431,240,=AVERAGE(A410:J410)
252,338,361,296,274,302,89,266,298,317,=AVERAGE(A411:J411)
258,212,155,147,342,89,307,287,362,262,=AVERAGE(A412:J412)
155,340,246,286,241,227,273,185,380,185,=AVERAGE(A413:J413)
145,234,290,111,173,185,137,92,308,290,=AVERAGE(A414:J414)
189,115,256,274,233,88,180,248,153,180,=AVERAGE(A415:J415)
118,326,339,236,302,229,135,317,188,322,=AVERAGE(A416:J416)
223,282,243,299,299,127,87,284,288,219,=AVERAGE(A417:J417)
100,233,137,150,267,270,253,130,148,139,=AVERAGE(A418:J418)
283,312,121,202,207,265,211,130,315,264,=AVERAGE(A419:J419)
169,276,240,321,306,250,303,175,318,150,=AVERAGE(A420:J420)
168,174,224,307,167,276,132,274,362,115,=AVERAGE(A421:J421)
84,227,302,205,276,152,120,245,115,230,=AVERAGE(A422:J422)
172,239,191,125,192,99,89,243,196,86,=AVERAGE(A423:J423)
256,294,259,201,293,283,248,294,201,184,=AVERAGE(A424:J424)
187,326,104,205,309,329,246,258,166,254,=AVERAGE(A425:J425)
165,126,193,278,185,174,253,321,358,285,=AVERAGE(A426:J426)
88,276,317,304,153,315,324,163,323,110,=AVERAGE(A427:J427)
92,315,317,111,91,305,304,260,191,234,=AVERAGE(A428:J428)
145,255,209,120,236,318,326,243,131,97,=AVERAGE(A429:J429)
277,217,269,133,265,253,238,295,294,137,=AVERAGE(A430:J430)
176,285,125,110,124,245,150,274,243,124,=AVERAGE(A431:J431)
107,321,110,269,153,190,125,280,248,166,=AVERAGE(A432:J432)
224,271,288,329,277,180,200,176,409,180,=AVERAGE(A433:J433)
76,121,203,225,268,275,180,263,338,291,=AVERAGE(A434:J434)
262,265,118,133,185,137,224,112,336,217,=AVERAGE(A435:J435)
111,125,204,240,310,273,114,315,247,210,=AVERAGE(A436:J436)
169,276,223,156,137,216,250,228,252,314,=AVERAGE(A437:J437)
226,92,253,254,250,313,248,166,284,256,=AVERAGE(A438:J438)
128,311,115,151,101,187,193,229,340,296,=AVERAGE(A439:J439)
176,111,234,297,269,285,137,160,220,309,=AVERAGE(A440:J440)
239,298,148,219,164,264,291,164,261,330,=AVERAGE(A441:J441)
224,207,126,131,185,196,272,220,236,330,=AVERAGE(A442:J442)
248,313,282,190,332,124,212,224,330,148,=AVERAGE(A443:J443)
218,333,149,336,126,123,359,157,405,151,=AVERAGE(A444:J444)
220,284,253,270,303,142,136,231,195,321,=AVERAGE(A445:J445)
90,279,289,119,167,121,201,209,185,256,=AVERAGE(A446:J446)
152,204,302,134,131,247,85,145,374,238,=AVERAGE(A447:J447)
83,323,218,138,113,254,260,189,294,231,=AVERAGE(A448:J448)
206,144,270,295,196,259,293,219,369,179,=AVERAGE(A449:J449)
180,274,235,122,86,291,269,254,380,239,=AVERAGE(A450:J450)
266,301,159,152,194,135,166,158,112,123,=AVERAGE(A451:J451)
88,192,111,224,162,276,245,298,141,220,=AVERAGE(A452:J452)
275,138,246,283,191,310,288,224,296,243,=AVERAGE(A453:J453)
289,285,112,219,277,357,220,326,331,305,=AVERAGE(A454:J454)
244,198,216,354,319,180,184,363,149,208,=AVERAGE(A455:J455)
197,272,342,233,284,177,146,174,385,305,=AVERAGE(A456:J456)
119,294,131,231,244,128,228,260,278,183,=AVERAGE(A457:J457)
150,244,278,306,123,161,211,316,272,167,=AVERAGE(A458:J458)
170,185,165,120,175,147,134,271,384,275,=AVERAGE(A459:J459)
222,302,98,139,246,197,133,158,213,206,=AVERAGE(A460:J460)
110,237,94,193,253,256,297,222,378,117,=AVERAGE(A461:J461)
216,308,274,289,170,281,113,233,225,247,=AVERAGE(A462:J462)
247,314,313,287,185,165,133,93,265,193,=AVERAGE(A463:J463)
221,276,231,206,228,225,195,133,272,325,=AVERAGE(A464:J464)
125,341,323,220,267,186,177,103,208,139,=AVERAGE(A465:J465)
236,140,169,264,121,321,193,163,125,153,=AVERAGE(A466:J466)
209,269,195,190,96,133,241,234,348,225,=AVERAGE(A467:J467)
151,223,82,269,287,117,292,248,296,188,=AVERAGE(A468:J468)
175,258,127,112,318,237,121,152,164,236,=AVERAGE(A469:J469)
163,112,289,115,208,218,302,275,345,318,=AVERAGE(A470:J470)
185,266,311,345,238,335,96,217,376,166,=AVERAGE(A471:J471)
212,210,295,162,242,157,131,211,142,151,=AVERAGE(A472:J472)
98,185,276,238,126,178,299,96,336,298,=AVERAGE(A473:J473)
118,298,295,248,270,213,287,289,283,180,=AVERAGE(A474:J474)
149,267,187,291,277,177,329,218,335,102,=AVERAGE(A475:J475)
86,275,347,172,313,209,148,337,176,237,=AVERAGE(A476:J476)
133,110,177,91,341,159,141,150,187,191,=AVERAGE(A477:J477)
280,345,248,264,290,278,273,203,348,290,=AVERAGE(A478:J478)
286,260,312,427,399,284,343,421,437,379,=AVERAGE(A479:J479)
349,453,379,395,365,434,386,434,379,346,=AVERAGE(A480:J480)
304,362,481,359,346,362,332,442,520,460,=AVERAGE(A481:J481)
305,355,425,362,327,335,332,371,533,342,=AVERAGE(A482:J482)
298,352,371,358,374,344,332,376,436,403,=AVERAGE(A483:J483)
313,353,368,357,352,337,336,368,440,365,=AVERAGE(A484:J484)
305,357,354,370,351,340,327,385,454,383,=AVERAGE(A485:J485)
280,360,388,360,350,339,341,349,426,367,=AVERAGE(A486:J486)
328,350,365,361,350,339,328,401,456,368,=AVERAGE(A487:J487)
302,349,343,356,351,341,288,370,437,328,=AVERAGE(A488:J488)
306,363,300,302,363,337,297,372,414,417,=AVERAGE(A489:J489)
302,348,432,424,342,336,374,378,473,365,=AVERAGE(A490:J490)
310,269,312,356,330,344,374,376,451,381,=AVERAGE(A491:J491)
304,429,325,361,341,339,333,367,447,347,=AVERAGE(A492:J492)
301,369,334,361,385,337,336,380,436,384,=AVERAGE(A493:J493)
308,354,396,362,344,339,326,377,439,367,=AVERAGE(A494:J494)
302,348,415,360,361,339,337,378,451,375,=AVERAGE(A495:J495)
310,367,380,362,347,263,332,368,353,380,=AVERAGE(A496:J496)
301,353,445,356,347,378,330,376,427,360,=AVERAGE(A497:J497)
273,355,381,371,248,285,283,382,473,351,=AVERAGE(A498:J498)
332,327,374,357,423,379,377,369,509,391,=AVERAGE(A499:J499)
308,386,370,361,367,394,340,373,449,361,=AVERAGE(A500:J500)
309,352,365,355,372,344,330,373,445,383,=AVERAGE(A501:J501)
294,354,371,364,349,332,335,381,418,372,=AVERAGE(A502:J502)
313,364,370,357,353,336,334,371,449,363,=AVERAGE(A503:J503)
300,347,339,288,351,339,278,307,405,375,=AVERAGE(A504:J504)
307,320,366,382,307,346,385,377,242,374,=AVERAGE(A505:J505)
306,386,374,396,393,334,338,410,415,328,=AVERAGE(A506:J506)
307,360,391,385,352,342,331,314,420,348,=AVERAGE(A507:J507)
297,354,377,351,351,337,328,421,432,437,=AVERAGE(A508:J508)
312,355,368,365,355,337,338,418,507,367,=AVERAGE(A509:J509)
308,361,367,369,351,309,331,353,506,330,=AVERAGE(A510:J510)
302,347,368,357,348,373,339,392,383,388,=AVERAGE(A511:J511)
301,362,373,361,356,339,331,378,451,399,=AVERAGE(A512:J512)
303,350,371,355,351,334,331,380,477,369,=AVERAGE(A513:J513)
307,356,370,345,357,346,331,366,520,365,=AVERAGE(A514:J514)
301,352,364,379,348,336,337,378,499,375,=AVERAGE(A515:J515)
288,354,353,349,348,297,331,378,499,309,=AVERAGE(A516:J516)
321,360,387,364,350,380,330,375,423,425,=AVERAGE(A517:J517)
311,334,367,367,352,337,331,369,448,382,=AVERAGE(A518:J518)
289,375,370,366,350,337,335,377,397,372,=AVERAGE(A519:J519)
319,358,373,353,349,341,335,361,534,365,=AVERAGE(A520:J520)
267,350,366,341,354,346,314,364,438,364,=AVERAGE(A521:J521)
340,351,357,387,323,333,348,348,420,387,=AVERAGE(A522:J522)
308,358,345,360,377,318,334,413,481,360,=AVERAGE(A523:J523)
308,343,398,356,357,376,335,314,428,357,=AVERAGE(A524:J524)
280,370,384,343,345,327,330,433,441,386,=AVERAGE(A525:J525)
233,358,368,394,292,339,319,392,445,319,=AVERAGE(A526:J526)
377,348,364,351,417,345,349,364,434,387,=AVERAGE(A527:J527)
327,356,379,287,354,333,296,381,381,411,=AVERAGE(A528:J528)
297,360,365,437,347,339,371,382,432,362,=AVERAGE(A529:J529)
290,353,366,310,351,341,174,237,508,376,=AVERAGE(A530:J530)
323,348,369,368,347,338,358,376,392,380,=AVERAGE(A531:J531)
306,359,370,364,356,339,386,322,425,361,=AVERAGE(A532:J532)
301,315,370,399,265,337,290,433,525,365,=AVERAGE(A533:J533)
305,387,370,360,427,337,448,376,449,379,=AVERAGE(A534:J534)
302,363,366,368,361,345,343,423,446,374,=AVERAGE(A535:J535)
307,356,370,357,346,337,330,446,427,363,=AVERAGE(A536:J536)
248,354,369,309,354,292,332,377,460,363,=AVERAGE(A537:J537)
362,352,371,403,357,386,335,378,442,381,=AVERAGE(A538:J538)
308,355,369,364,352,338,333,343,440,371,=AVERAGE(A539:J539)
307,355,366,355,343,343,327,394,412,371,=AVERAGE(A540:J540)
301,356,339,371,354,339,335,377,436,365,=AVERAGE(A541:J541)
298,356,381,359,356,330,339,353,463,345,=AVERAGE(A542:J542)
309,356,386,362,346,350,326,401,410,404,=AVERAGE(A543:J543)
305,353,338,358,352,338,295,375,422,370,=AVERAGE(A544:J544)
304,356,402,363,352,335,372,383,514,371,=AVERAGE(A545:J545)
305,354,321,358,345,335,331,367,449,373,=AVERAGE(A546:J546)
307,356,395,364,352,348,338,365,436,365,=AVERAGE(A547:J547)
301,288,359,361,359,335,332,387,451,323,=AVERAGE(A548:J548)
307,406,406,350,327,284,198,377,435,244,=AVERAGE(A549:J549)
309,369,372,375,369,383,356,370,397,401,=AVERAGE(A550:J550)
295,355,365,359,354,349,391,375,473,420,=AVERAGE(A551:J551)
310,355,370,357,352,340,386,376,465,388,=AVERAGE(A552:J552)
307,355,368,360,356,335,336,374,446,437,=AVERAGE(A553:J553)
305,355,375,362,348,350,328,354,447,386,=AVERAGE(A554:J554)
304,355,366,366,350,324,334,389,372,370,=AVERAGE(A555:J555)
308,357,290,277,300,345,333,383,462,293,=AVERAGE(A556:J556)
299,354,403,404,385,344,332,381,488,351,=AVERAGE(A557:J557)
309,356,418,365,332,338,275,368,446,408,=AVERAGE(A558:J558)
305,357,367,391,389,329,380,368,443,432,=AVERAGE(A559:J559)
299,300,361,348,349,345,343,381,442,372,=AVERAGE(A560:J560)
307,362,368,379,350,270,337,330,416,368,=AVERAGE(A561:J561)
304,401,377,356,304,385,323,340,461,369,=AVERAGE(A562:J562)
306,348,374,359,400,301,341,386,453,357,=AVERAGE(A563:J563)
302,359,364,322,325,280,339,439,446,390,=AVERAGE(A564:J564)
303,355,370,403,377,462,324,318,436,342,=AVERAGE(A565:J565)
309,319,354,362,352,344,337,436,437,377,=AVERAGE(A566:J566)
303,387,379,335,299,337,332,377,447,320,=AVERAGE(A567:J567)
303,360,337,383,404,336,323,361,425,439,=AVERAGE(A568:J568)
306,357,406,359,348,341,342,379,473,375,=AVERAGE(A569:J569)
303,356,369,359,355,340,330,327,437,372,=AVERAGE(A570:J570)
306,350,375,364,349,344,335,422,445,363,=AVERAGE(A571:J571)
276,311,368,362,357,318,304,376,443,373,=AVERAGE(A572:J572)
334,397,366,356,346,357,360,373,440,375,=AVERAGE(A573:J573)
301,362,308,367,353,337,335,269,395,364,=AVERAGE(A574:J574)
305,355,404,358,343,332,325,386,410,372,=AVERAGE(A575:J575)
312,292,398,368,293,310,290,414,411,378,=AVERAGE(A576:J576)
297,413,363,360,371,363,383,436,448,361,=AVERAGE(A577:J577)
309,357,370,291,402,349,332,369,423,378,=AVERAGE(A578:J578)
301,356,378,388,353,337,334,377,438,367,=AVERAGE(A579:J579)
308,343,359,364,339,346,331,379,486,340,=AVERAGE(A580:J580)
305,364,360,369,356,338,336,369,450,393,=AVERAGE(A581:J581)
301,359,305,315,347,338,332,372,341,382,=AVERAGE(A582:J582)
309,342,382,405,360,339,325,379,465,371,=AVERAGE(A583:J583)
303,361,383,390,346,341,339,374,428,369,=AVERAGE(A584:J584)
307,288,414,335,312,343,335,362,482,374,=AVERAGE(A585:J585)
300,328,379,342,394,300,335,385,518,367,=AVERAGE(A586:J586)
298,392,369,402,348,362,335,370,414,367,=AVERAGE(A587:J587)
311,406,306,375,353,347,325,384,423,350,=AVERAGE(A588:J588)
305,330,355,347,352,338,333,360,493,396,=AVERAGE(A589:J589)
306,366,389,363,339,339,338,388,504,367,=AVERAGE(A590:J590)
301,377,421,363,366,344,335,376,441,360,=AVERAGE(A591:J591)
308,359,370,358,349,334,329,372,449,356,=AVERAGE(A592:J592)
272,298,371,359,349,339,267,279,445,403,=AVERAGE(A593:J593)
328,405,373,329,350,342,317,319,442,359,=AVERAGE(A594:J594)
313,360,375,393,329,335,351,469,428,325,=AVERAGE(A595:J595)
307,349,356,346,306,348,340,440,464,427,=AVERAGE(A596:J596)
302,358,378,365,421,337,380,368,434,363,=AVERAGE(A597:J597)
305,353,365,377,350,333,339,373,429,373,=AVERAGE(A598:J598)
310,359,370,336,336,348,330,376,462,379,=AVERAGE(A599:J599)
298,354,376,385,368,341,338,373,441,351,=AVERAGE(A600:J600)
308,357,361,355,351,328,332,370,407,386,=AVERAGE(A601:J601)
304,306,371,361,355,343,286,379,395,316,=AVERAGE(A602:J602)
310,348,372,368,350,337,386,325,484,405,=AVERAGE(A603:J603)
302,380,364,357,351,344,328,319,483,353,=AVERAGE(A604:J604)
303,387,373,361,353,334,334,375,451,356,=AVERAGE(A605:J605)
283,354,363,359,296,343,291,443,458,343,=AVERAGE(A606:J606)
326,354,373,362,394,335,373,331,430,434,=AVERAGE(A607:J607)
298,353,371,358,357,344,332,381,436,388,=AVERAGE(A608:J608)
313,353,368,308,335,337,336,401,406,365,=AVERAGE(A609:J609)
305,357,330,418,368,340,327,425,442,336,=AVERAGE(A610:J610)
299,336,382,361,350,339,341,373,445,396,=AVERAGE(A611:J611)
309,374,395,361,341,339,320,377,452,338,=AVERAGE(A612:J612)
302,349,373,356,360,341,345,370,472,389,=AVERAGE(A613:J613)
306,363,371,360,342,337,325,334,451,303,=AVERAGE(A614:J614)
302,348,371,366,363,336,336,394,432,390,=AVERAGE(A615:J615)
310,358,359,356,348,344,335,398,428,398,=AVERAGE(A616:J616)
304,356,322,361,350,339,333,367,453,372,=AVERAGE(A617:J617)
301,330,411,361,358,337,282,358,272,297,=AVERAGE(A618:J618)
308,352,384,362,344,318,370,398,421,414,=AVERAGE(A619:J619)
302,388,366,360,361,360,347,379,468,411,=AVERAGE(A620:J620)
310,318,371,362,270,170,231,368,517,418,=AVERAGE(A621:J621)
301,312,370,356,424,373,431,379,377,360,=AVERAGE(A622:J622)
308,430,365,371,356,405,333,379,436,371,=AVERAGE(A623:J623)
297,358,374,357,356,408,341,329,541,371,=AVERAGE(A624:J624)
308,355,370,361,346,343,326,335,342,223,=AVERAGE(A625:J625)
309,352,365,355,352,344,330,411,463,406,=AVERAGE(A626:J626)
294,354,371,364,349,332,335,362,434,417,=AVERAGE(A627:J627)
313,364,370,357,353,336,334,430,421,410,=AVERAGE(A628:J628)
300,347,368,364,351,339,332,371,463,398,=AVERAGE(A629:J629)
215,250,261,368,356,346,313,244,512,374,=AVERAGE(A630:J630)
355,432,402,356,347,334,356,362,462,368,=AVERAGE(A631:J631)
350,384,439,345,349,342,331,457,493,371,=AVERAGE(A632:J632)
297,356,377,369,351,337,328,414,469,374,=AVERAGE(A633:J633)
312,353,368,342,355,337,338,347,454,321,=AVERAGE(A634:J634)
308,361,367,320,310,331,311,425,444,424,=AVERAGE(A635:J635)
302,347,368,403,369,351,359,372,444,367,=AVERAGE(A636:J636)
221,362,373,268,343,339,292,378,443,339,=AVERAGE(A637:J637)
383,350,371,372,384,334,370,380,436,402,=AVERAGE(A638:J638)
307,354,370,425,357,346,331,366,444,365,=AVERAGE(A639:J639)
301,354,364,401,348,336,337,380,443,375,=AVERAGE(A640:J640)
303,354,368,355,348,341,331,376,450,370,=AVERAGE(A641:J641)
306,285,260,344,350,336,330,375,436,326,=AVERAGE(A642:J642)
311,409,399,381,352,337,331,369,378,390,=AVERAGE(A643:J643)
257,375,344,311,226,337,335,310,491,402,=AVERAGE(A644:J644)
310,358,401,327,388,341,316,421,473,354,=AVERAGE(A645:J645)
338,350,417,446,421,346,333,394,435,382,=AVERAGE(A646:J646)
310,351,380,363,341,333,348,381,430,380,=AVERAGE(A647:J647)
308,328,387,342,388,309,334,371,491,291,=AVERAGE(A648:J648)
308,392,360,374,346,385,335,357,408,435,=AVERAGE(A649:J649)
280,351,384,343,345,327,330,383,441,412,=AVERAGE(A650:J650)
325,358,368,394,350,339,331,376,445,335,=AVERAGE(A651:J651)
306,348,280,351,313,341,337,279,446,367,=AVERAGE(A652:J652)
306,356,354,363,400,337,330,354,449,329,=AVERAGE(A653:J653)
297,311,282,361,347,339,337,282,338,413,=AVERAGE(A654:J654)
310,402,438,359,351,341,331,400,420,371,=AVERAGE(A655:J655)
303,348,330,361,347,338,333,416,390,385,=AVERAGE(A656:J656)
306,359,408,359,356,314,336,494,424,322,=AVERAGE(A657:J657)
301,359,447,362,350,362,327,404,437,404,=AVERAGE(A658:J658)
305,350,414,360,347,337,337,375,448,378,=AVERAGE(A659:J659)
302,356,366,368,356,345,335,379,503,375,=AVERAGE(A660:J660)
285,356,370,357,334,337,330,328,398,363,=AVERAGE(A661:J661)
328,354,369,356,366,335,332,388,481,372,=AVERAGE(A662:J662)
304,352,304,356,357,343,335,312,347,373,=AVERAGE(A663:J663)
308,355,436,364,352,338,333,395,447,336,=AVERAGE(A664:J664)
307,355,366,355,343,343,327,418,458,386,=AVERAGE(A665:J665)
301,356,372,351,354,339,335,400,389,384,=AVERAGE(A666:J666)
298,321,328,379,356,330,339,377,483,295,=AVERAGE(A667:J667)
309,391,406,362,346,350,326,371,448,374,=AVERAGE(A668:J668)
305,353,374,358,352,338,331,375,501,388,=AVERAGE(A669:J669)
304,356,308,311,352,335,238,303,509,433,=AVERAGE(A670:J670)
305,354,313,410,349,335,331,380,506,373,=AVERAGE(A671:J671)
307,356,425,364,306,348,293,437,477,365,=AVERAGE(A672:J672)
301,351,430,361,401,335,398,382,446,330,=AVERAGE(A673:J673)
307,367,355,359,350,335,356,374,440,388,=AVERAGE(A674:J674)
279,320,388,366,346,349,387,342,394,392,=AVERAGE(A675:J675)
325,380,365,359,354,332,330,406,488,376,=AVERAGE(A676:J676)
307,355,370,347,352,340,335,376,417,370,=AVERAGE(A677:J677)
310,355,368,370,356,335,336,374,482,364,=AVERAGE(A678:J678)
305,355,375,362,348,326,322,380,447,357,=AVERAGE(A679:J679)
304,355,366,366,341,348,340,367,440,392,=AVERAGE(A680:J680)
308,357,371,354,358,325,333,371,440,371,=AVERAGE(A681:J681)
299,356,365,361,352,326,332,389,410,304,=AVERAGE(A682:J682)
309,354,375,364,350,376,330,368,432,412,=AVERAGE(A683:J683)
305,357,367,358,355,335,338,368,456,397,=AVERAGE(A684:J684)
299,356,361,368,282,339,330,379,395,372,=AVERAGE(A685:J685)
307,349,354,359,313,345,287,377,472,339,=AVERAGE(A686:J686)
304,358,391,356,378,332,373,374,339,398,=AVERAGE(A687:J687)
306,348,301,359,409,340,341,318,396,374,=AVERAGE(A688:J688)
302,359,363,365,390,346,339,410,485,373,=AVERAGE(A689:J689)
303,355,429,343,333,335,324,291,529,368,=AVERAGE(A690:J690)
309,358,386,379,352,344,337,407,394,365,=AVERAGE(A691:J691)
303,348,362,313,355,305,332,443,361,238,=AVERAGE(A692:J692)
303,360,344,357,318,368,323,369,409,419,=AVERAGE(A693:J693)
306,318,399,310,354,341,342,244,465,306,=AVERAGE(A694:J694)
303,395,337,350,330,340,330,457,514,387,=AVERAGE(A695:J695)
306,350,407,431,385,344,335,427,489,344,=AVERAGE(A696:J696)
308,356,368,401,368,330,336,376,547,459,=AVERAGE(A697:J697)
302,352,366,356,348,345,328,373,440,450,=AVERAGE(A698:J698)
301,362,372,365,353,337,335,379,444,364,=AVERAGE(A699:J699)
305,355,334,360,343,332,325,370,431,359,=AVERAGE(A700:J700)
312,358,404,368,362,345,342,375,453,391,=AVERAGE(A701:J701)
297,310,306,300,347,338,331,381,449,297,=AVERAGE(A702:J702)
309,367,364,399,357,297,332,369,406,440,=AVERAGE(A703:J703)
286,310,441,351,353,379,334,377,452,298,=AVERAGE(A704:J704)
323,416,359,390,312,340,331,345,476,447,=AVERAGE(A705:J705)
305,364,376,361,383,344,336,403,439,363,=AVERAGE(A706:J706)
301,359,372,360,347,338,332,372,437,379,=AVERAGE(A707:J707)
309,354,371,360,288,339,325,379,400,368,=AVERAGE(A708:J708)
303,349,336,361,376,341,339,316,470,346,=AVERAGE(A709:J709)
307,366,396,247,315,343,335,433,317,397,=AVERAGE(A710:J710)
299,345,243,429,433,352,335,372,347,342,=AVERAGE(A711:J711)
299,365,426,367,348,310,326,370,420,332,=AVERAGE(A712:J712)
311,338,427,411,353,347,334,384,483,419,=AVERAGE(A713:J713)
305,366,377,347,352,338,333,373,496,381,=AVERAGE(A714:J714)
306,355,379,363,355,339,338,375,418,373,=AVERAGE(A715:J715)
301,352,330,363,350,333,271,372,510,346,=AVERAGE(A716:J716)
300,359,400,358,344,298,301,376,516,400,=AVERAGE(A717:J717)
313,335,353,359,354,338,422,375,499,373,=AVERAGE(A718:J718)
280,368,391,294,350,390,333,375,366,314,=AVERAGE(A719:J719)
328,285,304,352,358,335,336,374,480,317,=AVERAGE(A720:J720)
307,424,424,421,346,348,336,337,488,449,=AVERAGE(A721:J721)
302,358,381,371,352,337,330,414,438,394,=AVERAGE(A722:J722)
305,353,365,372,350,333,329,373,425,380,=AVERAGE(A723:J723)
242,320,370,357,356,290,330,376,463,316,=AVERAGE(A724:J724)
366,393,376,364,349,372,338,363,447,407,=AVERAGE(A725:J725)
308,353,361,355,350,355,332,380,431,386,=AVERAGE(A726:J726)
304,359,371,337,355,343,332,323,355,375,=AVERAGE(A727:J727)
310,358,372,392,349,337,340,389,481,359,=AVERAGE(A728:J728)
302,352,364,357,352,344,328,344,400,378,=AVERAGE(A729:J729)
264,356,279,294,353,309,334,447,360,376,=AVERAGE(A730:J730)
343,354,443,417,346,336,332,357,410,362,=AVERAGE(A731:J731)
305,355,387,371,347,367,332,390,489,373,=AVERAGE(A732:J732)
298,352,371,358,354,344,329,346,441,372,=AVERAGE(A733:J733)
313,353,368,357,352,337,339,398,428,346,=AVERAGE(A734:J734)
305,289,370,370,221,299,327,252,494,402,=AVERAGE(A735:J735)
299,428,362,360,428,380,341,381,378,367,=AVERAGE(A736:J736)
309,350,375,361,402,339,328,399,479,368,=AVERAGE(A737:J737)
265,349,324,356,212,341,337,239,559,264,=AVERAGE(A738:J738)
343,363,357,349,305,257,309,406,500,466,=AVERAGE(A739:J739)
302,348,328,377,383,416,352,392,432,304,=AVERAGE(A740:J740)
310,358,417,356,401,344,335,385,418,457,=AVERAGE(A741:J741)
304,352,422,361,379,339,333,468,480,361,=AVERAGE(A742:J742)
301,357,373,361,432,337,336,435,421,370,=AVERAGE(A743:J743)
308,359,370,362,344,339,326,398,454,367,=AVERAGE(A744:J744)
302,358,366,329,244,339,337,378,349,324,=AVERAGE(A745:J745)
310,319,371,393,417,330,332,368,427,405,=AVERAGE(A746:J746)
299,386,244,356,337,352,330,379,489,307,=AVERAGE(A747:J747)
310,355,488,371,414,337,333,293,426,450,=AVERAGE(A748:J748)
297,358,377,357,355,337,341,413,503,371,=AVERAGE(A749:J749)
308,355,363,361,346,343,326,415,420,361,=AVERAGE(A750:J750)
309,352,372,355,352,344,330,373,470,383,=AVERAGE(A751:J751)
294,354,346,364,349,332,335,382,465,372,=AVERAGE(A752:J752)
313,364,395,357,334,336,334,370,353,369,=AVERAGE(A753:J753)
300,347,368,364,370,339,332,322,435,369,=AVERAGE(A754:J754)
307,354,368,368,356,346,331,376,418,374,=AVERAGE(A755:J755)
306,352,375,352,347,334,338,363,409,368,=AVERAGE(A756:J756)
307,360,359,371,349,342,331,317,422,371,=AVERAGE(A757:J757)
279,356,377,347,295,337,328,284,455,304,=AVERAGE(A758:J758)
330,353,239,365,409,322,329,303,463,363,=AVERAGE(A759:J759)
302,309,300,319,353,357,340,409,475,426,=AVERAGE(A760:J760)
308,399,427,407,348,340,339,341,389,393,=AVERAGE(A761:J761)
301,362,420,361,356,339,331,427,467,372,=AVERAGE(A762:J762)
303,350,413,360,350,334,331,459,515,369,=AVERAGE(A763:J763)
307,356,341,361,336,346,331,406,322,365,=AVERAGE(A764:J764)
301,352,383,337,370,336,337,438,448,359,=AVERAGE(A765:J765)
303,354,316,277,326,341,322,427,484,386,=AVERAGE(A766:J766)
306,360,413,438,372,336,339,375,497,364,=AVERAGE(A767:J767)
311,334,361,386,352,337,331,369,538,382,=AVERAGE(A768:J768)
301,375,422,366,350,337,335,377,438,372,=AVERAGE(A769:J769)
285,358,286,357,349,341,341,212,438,252,=AVERAGE(A770:J770)
319,316,415,336,313,333,308,422,455,413,=AVERAGE(A771:J771)
310,368,405,388,364,346,348,353,430,451,=AVERAGE(A772:J772)
308,375,396,360,388,318,334,439,440,360,=AVERAGE(A773:J773)
308,362,320,356,346,376,335,333,459,267,=AVERAGE(A774:J774)
280,351,424,343,345,327,330,418,431,426,=AVERAGE(A775:J775)
325,358,368,348,354,339,331,366,408,349,=AVERAGE(A776:J776)
306,348,340,397,355,345,337,446,390,438,=AVERAGE(A777:J777)
306,295,340,363,354,333,330,381,426,380,=AVERAGE(A778:J778)
297,421,428,361,347,339,333,382,463,362,=AVERAGE(A779:J779)
310,353,366,359,351,341,335,375,378,376,=AVERAGE(A780:J780)
286,348,364,269,347,338,333,320,308,380,=AVERAGE(A781:J781)
300,359,375,343,298,339,313,422,481,361,=AVERAGE(A782:J782)
324,359,370,329,408,337,350,301,510,365,=AVERAGE(A783:J783)
305,350,370,452,343,337,337,450,470,379,=AVERAGE(A784:J784)
302,343,366,396,360,345,335,379,471,349,=AVERAGE(A785:J785)
307,349,369,378,346,337,330,366,521,388,=AVERAGE(A786:J786)
306,372,370,356,354,335,332,377,509,372,=AVERAGE(A787:J787)
304,354,371,356,357,343,335,378,442,373,=AVERAGE(A788:J788)
293,355,369,364,352,313,333,370,443,303,=AVERAGE(A789:J789)
322,355,366,315,343,368,327,370,436,414,=AVERAGE(A790:J790)
301,356,372,365,354,339,335,369,440,389,=AVERAGE(A791:J791)
298,356,369,405,356,330,339,381,453,370,=AVERAGE(A792:J792)
309,356,365,362,346,350,326,378,445,372,=AVERAGE(A793:J793)
305,353,374,358,352,338,331,375,331,342,=AVERAGE(A794:J794)
304,322,371,363,342,335,336,277,403,406,=AVERAGE(A795:J795)
305,388,368,358,359,335,331,290,328,373,=AVERAGE(A796:J796)
307,356,367,364,348,348,338,376,397,365,=AVERAGE(A797:J797)
301,351,309,361,320,335,332,372,362,314,=AVERAGE(A798:J798)
307,335,362,349,389,335,333,415,393,390,=AVERAGE(A799:J799)
309,363,442,339,304,347,333,433,445,406,=AVERAGE(A800:J800)
295,369,365,396,385,334,330,435,496,376,=AVERAGE(A801:J801)
310,355,370,357,363,340,335,402,517,370,=AVERAGE(A802:J802)
299,355,366,360,288,314,336,374,449,364,=AVERAGE(A803:J803)
313,355,337,362,416,371,328,359,499,283,=AVERAGE(A804:J804)
304,355,406,366,350,324,334,388,432,412,=AVERAGE(A805:J805)
308,357,317,354,349,345,333,379,481,270,=AVERAGE(A806:J806)
299,356,352,314,329,344,332,381,443,432,=AVERAGE(A807:J807)
309,354,380,408,373,338,330,368,495,423,=AVERAGE(A808:J808)
305,357,425,361,355,339,338,368,463,388,=AVERAGE(A809:J809)
299,356,321,368,288,335,330,263,439,397,=AVERAGE(A810:J810)
307,349,405,343,365,333,235,464,382,368,=AVERAGE(A811:J811)
304,358,384,372,401,344,363,403,525,369,=AVERAGE(A812:J812)
306,348,345,359,339,340,403,372,423,374,=AVERAGE(A813:J813)
302,359,374,365,379,346,339,374,544,295,=AVERAGE(A814:J814)
303,355,389,360,333,335,324,368,479,401,=AVERAGE(A815:J815)
309,358,371,362,352,344,337,386,438,383,=AVERAGE(A816:J816)
303,347,362,246,297,337,285,292,445,401,=AVERAGE(A817:J817)
303,361,377,463,406,336,369,414,448,371,=AVERAGE(A818:J818)
306,297,333,368,348,282,343,411,341,375,=AVERAGE(A819:J819)
303,370,362,370,355,399,318,378,409,372,=AVERAGE(A820:J820)
306,396,372,353,349,344,347,353,478,343,=AVERAGE(A821:J821)
308,280,411,350,357,330,336,394,391,393,=AVERAGE(A822:J822)
302,412,366,368,346,317,328,373,508,299,=AVERAGE(A823:J823)
301,378,372,367,353,365,335,379,514,382,=AVERAGE(A824:J824)
305,355,367,358,343,332,325,370,461,373,=AVERAGE(A825:J825)
312,351,371,368,330,345,342,298,441,435,=AVERAGE(A826:J826)
297,354,363,360,372,338,331,396,449,325,=AVERAGE(A827:J827)
309,352,370,351,364,339,332,406,441,391,=AVERAGE(A828:J828)
301,361,378,364,353,337,334,402,439,386,=AVERAGE(A829:J829)
308,343,325,365,339,346,331,379,417,380,=AVERAGE(A830:J830)
305,364,357,361,305,338,336,355,395,363,=AVERAGE(A831:J831)
301,350,407,360,337,338,332,352,453,379,=AVERAGE(A832:J832)
309,310,327,360,307,339,325,413,456,368,=AVERAGE(A833:J833)
300,292,426,336,401,296,339,374,445,357,=AVERAGE(A834:J834)
310,346,368,382,419,388,335,375,476,386,=AVERAGE(A835:J835)
300,398,372,367,346,352,335,372,463,367,=AVERAGE(A836:J836)
298,442,318,355,237,305,335,370,443,367,=AVERAGE(A837:J837)
311,338,391,375,334,352,325,366,369,381,=AVERAGE(A838:J838)
305,365,392,347,355,338,333,391,456,365,=AVERAGE(A839:J839)
306,356,379,363,413,339,338,375,438,367,=AVERAGE(A840:J840)
301,352,356,363,397,344,335,371,475,372,=AVERAGE(A841:J841)
308,359,374,358,345,334,329,374,468,294,=AVERAGE(A842:J842)
305,350,308,359,364,312,292,378,452,386,=AVERAGE(A843:J843)
307,353,423,336,361,369,371,375,441,362,=AVERAGE(A844:J844)
301,360,378,386,358,335,336,278,445,360,=AVERAGE(A845:J845)
307,245,366,340,346,303,336,471,303,389,=AVERAGE(A846:J846)
279,413,321,371,352,382,303,376,407,430,=AVERAGE(A847:J847)
328,335,390,377,350,333,356,373,391,380,=AVERAGE(A848:J848)
310,417,402,357,356,348,330,367,469,372,=AVERAGE(A849:J849)
298,363,376,364,349,341,338,376,475,351,=AVERAGE(A850:J850)
308,357,361,355,325,299,301,376,539,386,=AVERAGE(A851:J851)
304,355,371,361,380,372,363,379,459,375,=AVERAGE(A852:J852)
310,358,372,368,350,337,340,375,319,359,=AVERAGE(A853:J853)
302,352,364,357,351,344,328,372,472,378,=AVERAGE(A854:J854)
303,332,373,361,353,334,334,381,465,376,=AVERAGE(A855:J855)
304,337,363,359,345,343,326,361,490,362,=AVERAGE(A856:J856)
305,281,308,314,348,335,338,382,374,373,=AVERAGE(A857:J857)
298,332,351,404,354,344,319,376,444,372,=AVERAGE(A858:J858)
313,355,390,359,352,337,349,368,493,365,=AVERAGE(A859:J859)
305,385,416,370,351,340,327,342,514,383,=AVERAGE(A860:J860)
299,449,389,342,300,339,341,288,430,273,=AVERAGE(A861:J861)
309,366,365,379,400,339,328,337,440,353,=AVERAGE(A862:J862)
302,349,248,356,351,265,337,444,355,346,=AVERAGE(A863:J863)
268,363,387,360,324,376,325,438,401,426,=AVERAGE(A864:J864)
340,348,441,366,381,373,336,406,424,444,=AVERAGE(A865:J865)
310,358,398,356,348,344,335,376,433,384,=AVERAGE(A866:J866)
304,306,356,361,350,339,333,367,486,361,=AVERAGE(A867:J867)
301,403,391,361,358,337,336,380,550,365,=AVERAGE(A868:J868)
308,359,370,362,344,339,326,377,494,372,=AVERAGE(A869:J869)
302,358,366,360,361,291,337,378,450,307,=AVERAGE(A870:J870)
310,352,371,362,347,354,332,368,441,393,=AVERAGE(A871:J871)
301,353,370,321,347,376,330,379,415,351,=AVERAGE(A872:J872)
308,355,365,406,357,313,333,379,432,368,=AVERAGE(A873:J873)
297,291,330,357,355,361,341,369,486,334,=AVERAGE(A874:J874)
308,422,371,361,333,343,314,341,437,304,=AVERAGE(A875:J875)
309,352,362,355,365,344,342,405,445,442,=AVERAGE(A876:J876)
294,215,417,364,349,294,335,305,443,357,=AVERAGE(A877:J877)
313,347,370,357,353,374,334,381,439,398,=AVERAGE(A878:J878)
283,320,297,364,351,339,332,255,444,368,=AVERAGE(A879:J879)
324,368,433,368,356,346,331,380,420,401,=AVERAGE(A880:J880)
306,434,372,356,347,334,332,471,465,333,=AVERAGE(A881:J881)
307,414,368,367,349,342,337,421,440,386,=AVERAGE(A882:J882)
297,383,377,347,351,337,328,405,417,425,=AVERAGE(A883:J883)
312,359,368,365,335,322,338,381,479,334,=AVERAGE(A884:J884)
308,361,343,369,371,352,331,373,389,442,=AVERAGE(A885:J885)
302,347,373,344,348,345,339,372,481,353,=AVERAGE(A886:J886)
301,362,392,374,356,339,331,378,402,386,=AVERAGE(A887:J887)
303,350,371,360,351,334,331,370,465,369,=AVERAGE(A888:J888)
307,348,370,361,342,346,331,376,473,365,=AVERAGE(A889:J889)
301,360,364,358,363,336,337,380,443,375,=AVERAGE(A890:J890)
303,341,368,355,308,341,331,376,390,370,=AVERAGE(A891:J891)
306,373,372,311,277,336,299,375,464,289,=AVERAGE(A892:J892)
311,334,365,374,452,337,362,369,476,455,=AVERAGE(A893:J893)
301,375,372,406,363,337,335,377,441,374,=AVERAGE(A894:J894)
307,348,373,357,349,341,341,362,456,365,=AVERAGE(A895:J895)
297,360,366,362,354,345,308,386,397,351,=AVERAGE(A896:J896)
310,351,301,304,323,334,348,381,470,370,=AVERAGE(A897:J897)
308,358,367,398,358,318,334,338,399,358,=AVERAGE(A898:J898)
308,346,382,376,376,376,335,347,452,398,=AVERAGE(A899:J899)
280,367,329,343,345,327,330,326,489,412,=AVERAGE(A900:J900)
=SUM(A2:A900)/899,=SUM(B2:B900)/899,=SUM(C2:C900)/899,=SUM(D2:D900)/899,=SUM(E2:E900)/899,=SUM(F2:F900)/899,=SUM(G2:G900)/899,=SUM(H2:H900)/899,=SUM(I2:I900)/899,=SUM(J2:J900)/899,=AVERAGE(A901:J901)
=STDEV(A2:A900),=STDEV(B2:B900),=STDEV(C2:C900),=STDEV(D2:D900),=STDEV(E2:E900),=STDEV(F2:F900),=STDEV(G2:G900),=STDEV(H2:H900),=STDEV(I2:I900),=STDEV(J2:J900),=AVERAGE(A902:J902)